ell,D_total_median,D_total_sigma,D_total_p16,D_total_p84,D_total_min,D_total_max,D_diag_median,D_diag_sigma,D_diag_p16,D_diag_p84,D_diag_min,D_diag_max,D_off_median,D_off_sigma,D_off_p16,D_off_p84,D_off_min,D_off_max
2.133457607961423435e+02,1.112929600734771984e+00,1.171117760415145037e+00,4.813868654041092432e-01,3.039179810766421852e+00,1.827055879475088518e-01,3.184046229930626026e+00,1.374118393927949155e-01,5.226347178722761527e-02,1.005074374648142199e-01,2.122272558278962273e-01,9.356668403011150770e-02,2.332623032272122532e-01,9.110498413757366354e-01,1.139638838476357607e+00,3.700106322160010563e-01,2.853369756321747275e+00,8.053852388239721161e-02,2.994400916424008852e+00
2.637893223933066906e+02,1.001979541045484590e+00,8.332329471672182963e-01,3.196921930473659579e-01,2.061519295965915433e+00,2.657923078994958721e-01,2.355708204825018637e+00,1.486229888370928232e-01,4.870892499324176728e-02,1.314242622559106677e-01,2.014415412750135137e-01,1.151802342013062697e-01,2.770924261711060765e-01,8.314930440650271093e-01,8.193571572238973477e-01,1.520323628571871866e-01,1.924370746577119373e+00,1.441909350328763884e-01,2.159649122380553621e+00
4.032771370226497538e+02,7.638191201565560640e-01,2.568833388443124144e-01,5.556272336403812462e-01,1.019749564184682766e+00,3.632464772522874807e-01,1.183638752973805275e+00,1.541123442594964088e-01,1.668696317055607531e-02,1.445690074885540854e-01,1.766491858675744431e-01,1.355570220368512713e-01,1.874966646121161429e-01,6.072808733387682345e-01,2.474043497612964104e-01,4.114566238020127553e-01,8.608499348981566435e-01,2.120863624835766514e-01,9.961420883616891597e-01
4.986281532613469381e+02,3.470848763160379047e-01,1.240336988022786302e-01,2.037806354251079921e-01,4.573527155255894261e-01,1.739127533167314499e-01,5.227911729536687258e-01,1.276201996717850062e-01,9.790884266274481329e-03,1.222843004040477521e-01,1.368849866389274250e-01,1.145341892485134405e-01,1.476719159685093430e-01,2.025824180293013810e-01,1.224640710294875867e-01,8.443828655839084874e-02,3.272796977540487484e-01,4.839510099425763101e-02,4.011636418203031740e-01
6.165240039651868074e+02,6.683706368889019700e-01,5.787653430504102747e-01,3.835999214686328651e-01,1.178190417701979076e+00,2.513884864523249774e-01,2.131198805111149674e+00,1.784519378530332046e-01,1.179120887828572981e-02,1.636694209149900658e-01,1.862855680794676394e-01,1.594694011493341668e-01,1.934216759445470113e-01,4.977890935879045187e-01,5.851445733293186846e-01,1.942677435735031821e-01,1.015717834646316486e+00,6.989793725380308298e-02,1.962005372686457250e+00
7.622951992966234229e+02,7.259679895684936213e-01,4.604294059846007481e-01,4.881041646620517538e-01,1.124081994072523072e+00,4.221191038327933298e-01,1.933414270119564016e+00,1.684947940897489338e-01,1.214107074892154838e-02,1.606027823856328585e-01,1.833142517937796367e-01,1.525777772011411015e-01,1.899129003662365089e-01,5.598057075806772698e-01,4.570453954188298251e-01,3.203655733273353401e-01,9.453892647349412259e-01,2.349451245492618912e-01,1.755012398767286985e+00
9.425325974874631356e+02,6.664834020628152000e-01,5.431347448820872392e-01,4.619799342216657778e-01,1.252439505645716045e+00,4.129389915014016754e-01,2.119992910108770889e+00,1.713121287684820915e-01,1.598614053544097219e-02,1.588561411590222738e-01,1.884820376957983545e-01,1.580350358675611522e-01,2.031528779011468611e-01,4.979300410500197560e-01,5.297862354237371507e-01,3.019165941486724458e-01,1.075619764524067490e+00,2.542706599800175216e-01,1.916840032207624889e+00
1.165385402067557379e+03,7.920867359675471953e-01,3.164418130720961786e-01,6.149768583670132127e-01,1.231620824314739737e+00,5.470212131113566523e-01,1.490501398026535584e+00,1.740031973567454926e-01,1.495358712265484544e-02,1.654257085986211573e-01,1.958194951032806719e-01,1.583599277968076591e-01,2.013522380983024940e-01,6.167797213898138509e-01,3.031274929642889249e-01,4.461808160258268208e-01,1.035801329211459176e+00,3.797500252600929382e-01,1.289149159928232979e+00
1.440929617683835659e+03,9.344876117229301560e-01,3.459265515026729854e-01,7.139304932701173723e-01,1.322774591702564395e+00,6.560734535228035513e-01,1.739321112608832376e+00,1.944030097972077598e-01,1.712038788005337472e-02,1.780236079225491763e-01,2.152802003116870699e-01,1.675081927503199730e-01,2.160444323394665744e-01,7.489636349184167763e-01,3.329776230781523183e-01,5.337439228314743156e-01,1.107056475256754879e+00,4.676660416720543334e-01,1.524069682292995997e+00
1.781623623768476364e+03,1.102777275284984260e+00,3.592168776313762746e-01,7.926630485351284783e-01,1.543739625674025673e+00,7.257787570875628980e-01,1.710733983896761234e+00,2.021861102175390168e-01,1.796471188643143299e-02,1.864938798159347655e-01,2.207628503264413566e-01,1.759172304926059638e-01,2.326510334159163362e-01,8.928773450080863539e-01,3.436993355220194224e-01,6.061691687191937961e-01,1.329764936999820124e+00,5.342513993263031669e-01,1.478082950480845259e+00
2.202871464237184227e+03,1.085587966302396623e+00,1.773932558092854994e-01,9.352730497757212325e-01,1.300273913225002742e+00,8.646086353104697197e-01,1.385018821468809058e+00,2.025443518458441838e-01,1.870581730741954773e-02,1.935461545921850490e-01,2.308636032552568995e-01,1.904347755810185117e-01,2.438575903696629521e-01,8.732106087240536496e-01,1.675065729143054294e-01,7.334923370306506429e-01,1.060942700503301861e+00,6.740402837913386236e-01,1.182398345205719181e+00
2.723719321641124225e+03,1.047576934387623560e+00,1.967377406265205519e-01,8.813500624673136219e-01,1.255399014924669876e+00,7.290209634465882882e-01,1.352085547410199151e+00,2.064922730687198671e-01,2.176462430249938990e-02,1.989658002219614474e-01,2.420665187271870133e-01,1.934236018861892337e-01,2.547904497805998369e-01,8.417209063548440895e-01,1.787344709049452640e-01,6.821215397762896426e-01,1.005610510275315894e+00,5.338452381104465960e-01,1.111744686420943040e+00
3.367716665960868795e+03,9.132171527189882898e-01,2.182326693469754664e-01,8.085448368793258789e-01,1.224720504042237756e+00,7.164609000486158452e-01,1.384745374413972829e+00,2.093705814123384412e-01,2.285868636127586645e-02,1.976550853222737991e-01,2.472455800491982492e-01,1.925766809381239397e-01,2.532705107623332563e-01,7.060531159003102797e-01,1.984474353830637250e-01,6.077957583810179587e-01,9.764799204513391340e-01,5.230471284694615530e-01,1.135176372720276383e+00
4.163981013784115930e+03,9.034229939521931652e-01,1.456748205060623969e-01,7.820728210104016531e-01,1.022251558173155273e+00,6.497184862061690103e-01,1.150303355269968408e+00,2.069884102563512851e-01,2.166861638988385602e-02,1.954195321460901469e-01,2.437780354804588434e-01,1.919794119593199733e-01,2.476847449799227108e-01,6.930000879380935341e-01,1.275237323664675237e-01,5.826296753657441707e-01,7.811360699117344542e-01,4.577390742468490092e-01,9.026186102900456421e-01
5.148514439592126109e+03,7.477582721600496418e-01,1.272222197725335346e-01,6.481282354155104564e-01,9.217690461367057386e-01,6.006143343629561926e-01,9.534595387060436078e-01,2.014790509859858414e-01,2.245206089229622587e-02,1.892426081913159419e-01,2.374623094127902012e-01,1.856364841663846743e-01,2.463855624565715330e-01,5.462792211740639114e-01,1.055554957715772596e-01,4.592702031498709925e-01,6.800984415193954691e-01,4.142911074721490894e-01,7.145887891146869286e-01
6.365831363529580813e+03,6.181839749699127307e-01,1.169152249596251830e-01,5.677778414152442332e-01,7.935216057405466428e-01,5.270336152182223399e-01,8.733232204808500931e-01,1.912038149865716297e-01,2.204920838680332618e-02,1.790299695240311628e-01,2.270259818756410752e-01,1.750768139603465223e-01,2.342639162880064130e-01,4.318025827286802176e-01,9.529679006989544288e-02,3.852474956919360038e-01,5.672115203709400255e-01,3.515015462658556689e-01,6.390593041928434026e-01
7.870971214000759574e+03,5.080296102502646072e-01,7.418534956639158406e-02,4.733259546942617524e-01,6.259293100969438584e-01,4.372678520987341999e-01,6.479146374846029843e-01,1.778163156242013876e-01,2.092981898951006350e-02,1.653100110847962878e-01,2.107890876409615200e-01,1.618926895578956249e-01,2.184815351363111890e-01,3.302132946260631918e-01,5.360947788668636582e-02,3.052366112896979233e-01,4.157809733870054814e-01,2.753751625408384918e-01,4.294331023482917398e-01
9.731986965058213173e+03,4.205823385118547808e-01,6.454994902025681935e-02,3.650010203642857776e-01,5.014371001780255632e-01,3.377174693103759395e-01,5.225626577599977729e-01,1.591971984938428120e-01,1.921077206265105544e-02,1.479347815343552142e-01,1.895341788738027222e-01,1.448477790346185401e-01,1.968095180206220762e-01,2.613851400180119411e-01,4.605616984401275649e-02,2.170662388299306189e-01,3.126418518731311491e-01,1.928696902757573717e-01,3.257531397393757522e-01
1.203302206462037248e+04,3.135145277391008234e-01,5.131882470281246694e-02,2.826483828901518724e-01,4.003881506598897522e-01,2.735309622944454566e-01,4.035373548059437709e-01,1.371899798550932081e-01,1.735306430506054418e-02,1.271226281844301254e-01,1.647137504473759340e-01,1.244321351228942635e-01,1.712370965059642758e-01,1.777737888408207623e-01,3.421973834709426260e-02,1.560683015880310331e-01,2.317288353372815857e-01,1.481299934531417339e-01,2.402374235541404335e-01
1.487811487289375509e+04,2.326364127779930180e-01,3.645087309829530414e-02,2.105086282035323053e-01,2.901495438320259579e-01,1.969514957113688847e-01,2.940137060863997065e-01,1.124808869901153946e-01,1.487556249437941430e-02,1.037750484990810906e-01,1.362246999277555159e-01,1.018234970573247411e-01,1.413131136217258277e-01,1.186914120872526734e-01,2.184067476434696162e-02,1.065417343228855784e-01,1.519572220376294303e-01,9.512799865404418520e-02,1.568809986258542233e-01
1.839590262381903449e+04,1.550104063910262286e-01,2.431835939019715356e-02,1.398372755012609880e-01,1.943706152557264366e-01,1.348967980803561506e-01,1.989589122232512108e-01,8.500093365212588181e-02,1.162966865803661057e-02,7.827216153631549878e-02,1.034821393719865534e-01,7.695496777585868198e-02,1.078309843033403714e-01,7.031187703414629175e-02,1.296558943508678043e-02,6.156511396494548233e-02,8.813631793406231929e-02,5.794183030449740618e-02,9.639315033756047646e-02
2.274543759314397539e+04,1.020253281413613655e-01,1.568649064638318047e-02,9.200960082335907231e-02,1.263404476614961580e-01,8.851465456773445484e-02,1.301025527215816102e-01,5.947135664843374026e-02,8.335749659588779364e-03,5.494343159480440109e-02,7.269009581776481044e-02,5.408110493953974252e-02,7.633005279225890671e-02,4.217525781604691132e-02,7.625697821362138751e-03,3.706616922855467122e-02,5.153371067527380556e-02,3.443354962819471232e-02,5.797258679169177420e-02
2.812337844372666586e+04,7.227686696295920754e-02,1.168665272092212458e-02,6.554654592383246658e-02,8.966478351190301788e-02,6.109417354321282356e-02,9.498525377415491244e-02,4.542530504165415151e-02,6.474629371331311160e-03,4.183931682878135744e-02,5.591392308773581593e-02,4.096364651150296438e-02,5.798321803109904998e-02,2.690062354234264499e-02,5.565923561417423365e-03,2.399499997419164352e-02,3.266762838365844940e-02,1.961665046181608127e-02,3.932290421332784724e-02
3.477288189555313147e+04,5.401469930738576203e-02,1.107505799952375643e-02,4.734968514545458140e-02,6.448140449132395979e-02,3.513195068025889989e-02,7.328853817187741537e-02,3.808151139246095801e-02,6.226651635453392744e-03,3.247765894623538818e-02,4.194194124195257944e-02,2.556696017708323318e-02,4.725984827947374983e-02,1.688099063538178041e-02,5.032576690630567902e-03,1.425926170719763082e-02,2.253946324937136994e-02,9.564990503175664974e-03,2.602868989240364819e-02
