component,ell,D_ell_uK2
SO_post_ILC_noise,96.117,0.27543
SO_post_ILC_noise,118.99,0.3736
SO_post_ILC_noise,149.98,0.51365
SO_post_ILC_noise,191.98,0.71232
SO_post_ILC_noise,240.98,0.95217
SO_post_ILC_noise,340.96,1.4734
SO_post_ILC_noise,356.97,1.6654
SO_post_ILC_noise,376.96,1.8995
SO_post_ILC_noise,389.96,2.0411
SO_post_ILC_noise,592.95,3.5511
SO_post_ILC_noise,675.94,4.2286
SO_post_ILC_noise,876.94,5.8411
SO_post_ILC_noise,1083.9,7.6536
SO_post_ILC_noise,1774.8,13.923
SO_post_ILC_noise,1911.9,15.211
SO_post_ILC_noise,2218.8,18.053
SO_post_ILC_noise,2409.9,20.045
SO_post_ILC_noise,3065.8,27.597
SO_post_ILC_noise,3247.8,30.16
SO_post_ILC_noise,3496.8,34.181
SO_post_ILC_noise,3856.8,40.947
SO_post_ILC_noise,4099.8,46.47
SO_post_ILC_noise,4361.7,53.51
SO_post_ILC_noise,4593.8,60.957
SO_post_ILC_noise,4870.8,71.567
SO_post_ILC_noise,5151.7,84.481
SO_post_ILC_noise,5460.8,101.75
SO_post_ILC_noise,5768.9,122.97
SO_post_ILC_noise,6115.7,152.61
SO_post_ILC_noise,6485.9,192.44
SO_post_ILC_noise,6896.7,249.07
SO_post_ILC_noise,7350.8,330.59
SO_post_ILC_noise,7835.8,446.15
SO_post_ILC_noise,8352.7,612.04
SO_post_ILC_noise,8889.7,846.91
SO_post_ILC_noise,9441.8,1179.4
SO_post_ILC_noise,10008.0,1653.2
SO_post_ILC_noise,10050.0,1695.1
CMB-S4_post_ILC_noise,96.117,0.032904
CMB-S4_post_ILC_noise,139.98,0.066742
CMB-S4_post_ILC_noise,194.98,0.12301
CMB-S4_post_ILC_noise,257.98,0.20379
CMB-S4_post_ILC_noise,345.97,0.34557
CMB-S4_post_ILC_noise,374.96,0.41234
CMB-S4_post_ILC_noise,393.97,0.45548
CMB-S4_post_ILC_noise,653.94,1.1193
CMB-S4_post_ILC_noise,1120.9,2.7867
CMB-S4_post_ILC_noise,2685.9,11.701
CMB-S4_post_ILC_noise,2965.8,13.568
CMB-S4_post_ILC_noise,3694.8,18.427
CMB-S4_post_ILC_noise,4656.8,24.752
CMB-S4_post_ILC_noise,5676.8,32.732
CMB-S4_post_ILC_noise,6126.8,37.076
CMB-S4_post_ILC_noise,6476.7,41.056
CMB-S4_post_ILC_noise,6826.8,45.838
CMB-S4_post_ILC_noise,7187.8,51.725
CMB-S4_post_ILC_noise,7517.7,58.229
CMB-S4_post_ILC_noise,7835.8,65.798
CMB-S4_post_ILC_noise,8163.8,75.342
CMB-S4_post_ILC_noise,8502.8,87.404
CMB-S4_post_ILC_noise,8840.7,102.25
CMB-S4_post_ILC_noise,9192.8,121.5
CMB-S4_post_ILC_noise,9556.8,146.55
CMB-S4_post_ILC_noise,9940.8,180.25
CMB-S4_post_ILC_noise,10050.0,191.49
CMB-HD_post_ILC_noise,98.389,0.0023883
CMB-HD_post_ILC_noise,104.35,0.0026427
CMB-HD_post_ILC_noise,110.45,0.0029803
CMB-HD_post_ILC_noise,117.06,0.0033464
CMB-HD_post_ILC_noise,124.61,0.0037883
CMB-HD_post_ILC_noise,132.14,0.0042543
CMB-HD_post_ILC_noise,139.88,0.0048027
CMB-HD_post_ILC_noise,148.34,0.005319
CMB-HD_post_ILC_noise,157.79,0.0060981
CMB-HD_post_ILC_noise,166.61,0.0067332
CMB-HD_post_ILC_noise,175.93,0.0074362
CMB-HD_post_ILC_noise,186.23,0.0083941
CMB-HD_post_ILC_noise,197.48,0.0094262
CMB-HD_post_ILC_noise,210.09,0.010654
CMB-HD_post_ILC_noise,222.78,0.011964
CMB-HD_post_ILC_noise,235.83,0.013502
CMB-HD_post_ILC_noise,250.11,0.014949
CMB-HD_post_ILC_noise,266.05,0.017137
CMB-HD_post_ILC_noise,280.92,0.018922
CMB-HD_post_ILC_noise,296.63,0.020894
CMB-HD_post_ILC_noise,314.01,0.023581
CMB-HD_post_ILC_noise,332.97,0.02648
CMB-HD_post_ILC_noise,353.76,0.029854
CMB-HD_post_ILC_noise,375.6,0.033638
CMB-HD_post_ILC_noise,399.57,0.03805
CMB-HD_post_ILC_noise,423.67,0.042761
CMB-HD_post_ILC_noise,448.49,0.048263
CMB-HD_post_ILC_noise,473.59,0.053259
CMB-HD_post_ILC_noise,500.08,0.058772
CMB-HD_post_ILC_noise,531.98,0.067327
CMB-HD_post_ILC_noise,564.23,0.074495
CMB-HD_post_ILC_noise,597.33,0.084022
CMB-HD_post_ILC_noise,633.44,0.09429
CMB-HD_post_ILC_noise,673.94,0.1065
CMB-HD_post_ILC_noise,714.68,0.11951
CMB-HD_post_ILC_noise,756.6,0.1348
CMB-HD_post_ILC_noise,798.94,0.14875
CMB-HD_post_ILC_noise,840.11,0.16188
CMB-HD_post_ILC_noise,897.55,0.18781
CMB-HD_post_ILC_noise,952.05,0.20752
CMB-HD_post_ILC_noise,1008.0,0.23379
CMB-HD_post_ILC_noise,1069.1,0.26201
CMB-HD_post_ILC_noise,1137.6,0.29553
CMB-HD_post_ILC_noise,1206.5,0.33121
CMB-HD_post_ILC_noise,1282.2,0.37777
CMB-HD_post_ILC_noise,1349.2,0.41044
CMB-HD_post_ILC_noise,1425.1,0.45159
CMB-HD_post_ILC_noise,1509.1,0.50778
CMB-HD_post_ILC_noise,1600.7,0.56802
CMB-HD_post_ILC_noise,1703.6,0.63939
CMB-HD_post_ILC_noise,1805.3,0.71393
CMB-HD_post_ILC_noise,1914.0,0.80251
CMB-HD_post_ILC_noise,2030.9,0.88244
CMB-HD_post_ILC_noise,2149.0,0.98456
CMB-HD_post_ILC_noise,2274.2,1.097
CMB-HD_post_ILC_noise,2413.4,1.204
CMB-HD_post_ILC_noise,2556.8,1.3474
CMB-HD_post_ILC_noise,2711.6,1.4982
CMB-HD_post_ILC_noise,2875.2,1.6731
CMB-HD_post_ILC_noise,3038.8,1.8247
CMB-HD_post_ILC_noise,3215.0,1.9933
CMB-HD_post_ILC_noise,3404.3,2.2119
CMB-HD_post_ILC_noise,3614.5,2.4445
CMB-HD_post_ILC_noise,3851.4,2.7101
CMB-HD_post_ILC_noise,4091.0,2.9778
CMB-HD_post_ILC_noise,4311.7,3.2322
CMB-HD_post_ILC_noise,4545.0,3.5009
CMB-HD_post_ILC_noise,4829.0,3.8314
CMB-HD_post_ILC_noise,5148.2,4.2146
CMB-HD_post_ILC_noise,5469.4,4.612
CMB-HD_post_ILC_noise,5767.3,4.9771
CMB-HD_post_ILC_noise,6081.4,5.3632
CMB-HD_post_ILC_noise,6463.3,5.8435
CMB-HD_post_ILC_noise,6892.6,6.3976
CMB-HD_post_ILC_noise,7325.5,6.9693
CMB-HD_post_ILC_noise,7724.5,7.5084
CMB-HD_post_ILC_noise,8145.3,8.0887
CMB-HD_post_ILC_noise,8657.0,8.8119
CMB-HD_post_ILC_noise,9188.0,9.6677
CMB-HD_post_ILC_noise,9758.9,10.419
lensed_primary_CMB,95.616,2597.0
lensed_primary_CMB,111.03,3053.8
lensed_primary_CMB,154.72,4720.9
lensed_primary_CMB,333.63,3109.4
lensed_primary_CMB,487.55,2435.1
lensed_primary_CMB,497.58,2320.8
lensed_primary_CMB,600.25,2323.2
lensed_primary_CMB,686.02,1745.3
lensed_primary_CMB,954.74,1284.3
lensed_primary_CMB,985.17,1110.1
lensed_primary_CMB,1151.4,1263.0
lensed_primary_CMB,1192.3,1062.3
lensed_primary_CMB,1304.0,693.7
lensed_primary_CMB,1346.5,773.99
lensed_primary_CMB,1428.2,792.44
lensed_primary_CMB,1619.0,401.61
lensed_primary_CMB,1738.4,378.87
lensed_primary_CMB,1845.6,325.94
lensed_primary_CMB,1910.6,246.04
lensed_primary_CMB,2074.5,212.33
lensed_primary_CMB,2156.0,161.37
lensed_primary_CMB,2286.2,119.53
lensed_primary_CMB,2430.3,97.464
lensed_primary_CMB,2562.7,64.556
lensed_primary_CMB,2733.1,50.906
lensed_primary_CMB,2853.2,36.817
lensed_primary_CMB,3113.6,20.439
lensed_primary_CMB,3208.6,17.308
lensed_primary_CMB,3643.5,7.3055
lensed_primary_CMB,3937.6,4.5523
lensed_primary_CMB,4141.3,2.6704
lensed_primary_CMB,5298.7,0.66419
lensed_primary_CMB,5529.8,0.59826
lensed_primary_CMB,5778.5,0.52008
lensed_primary_CMB,6340.5,0.34755
lensed_primary_CMB,6545.0,0.33592
lensed_primary_CMB,6941.8,0.27731
lensed_primary_CMB,7412.5,0.21808
lensed_primary_CMB,7803.6,0.18409
lensed_primary_CMB,8271.4,0.1496
lensed_primary_CMB,8767.2,0.11833
lensed_primary_CMB,9292.8,0.088008
lensed_primary_CMB,9850.4,0.060207
kSZ_reion_30sim_mean,199.97,0.000773
kSZ_reion_30sim_mean,199.98,2.306
kSZ_reion_30sim_mean,206.97,2.247
kSZ_reion_30sim_mean,212.98,2.1766
kSZ_reion_30sim_mean,218.98,2.087
kSZ_reion_30sim_mean,221.97,2.0464
kSZ_reion_30sim_mean,252.97,1.7716
kSZ_reion_30sim_mean,260.97,1.7156
kSZ_reion_30sim_mean,271.97,1.6209
kSZ_reion_30sim_mean,278.97,1.5474
kSZ_reion_30sim_mean,285.97,1.4601
kSZ_reion_30sim_mean,287.97,1.4419
kSZ_reion_30sim_mean,298.97,1.4224
kSZ_reion_30sim_mean,314.97,1.3909
kSZ_reion_30sim_mean,328.97,1.3826
kSZ_reion_30sim_mean,340.96,1.361
kSZ_reion_30sim_mean,370.96,1.3003
kSZ_reion_30sim_mean,378.97,1.2907
kSZ_reion_30sim_mean,394.96,1.2845
kSZ_reion_30sim_mean,401.96,1.2717
kSZ_reion_30sim_mean,414.96,1.232
kSZ_reion_30sim_mean,420.96,1.2155
kSZ_reion_30sim_mean,441.96,1.2379
kSZ_reion_30sim_mean,459.96,1.2237
kSZ_reion_30sim_mean,481.96,1.191
kSZ_reion_30sim_mean,598.94,1.1476
kSZ_reion_30sim_mean,625.93,1.1338
kSZ_reion_30sim_mean,645.93,1.1426
kSZ_reion_30sim_mean,666.94,1.1411
kSZ_reion_30sim_mean,687.93,1.168
kSZ_reion_30sim_mean,709.93,1.1706
kSZ_reion_30sim_mean,730.94,1.2152
kSZ_reion_30sim_mean,842.92,1.2086
kSZ_reion_30sim_mean,864.93,1.2346
kSZ_reion_30sim_mean,892.93,1.2249
kSZ_reion_30sim_mean,1007.9,1.2413
kSZ_reion_30sim_mean,1024.9,1.2327
kSZ_reion_30sim_mean,1040.9,1.2237
kSZ_reion_30sim_mean,1064.9,1.2619
kSZ_reion_30sim_mean,1088.9,1.2632
kSZ_reion_30sim_mean,1106.9,1.2572
kSZ_reion_30sim_mean,1128.9,1.3101
kSZ_reion_30sim_mean,1152.9,1.2834
kSZ_reion_30sim_mean,1197.9,1.3102
kSZ_reion_30sim_mean,1226.9,1.3075
kSZ_reion_30sim_mean,1300.9,1.3398
kSZ_reion_30sim_mean,1305.9,1.3377
kSZ_reion_30sim_mean,1329.9,1.3024
kSZ_reion_30sim_mean,1354.9,1.3283
kSZ_reion_30sim_mean,1372.9,1.3554
kSZ_reion_30sim_mean,1417.9,1.3325
kSZ_reion_30sim_mean,1458.9,1.3103
kSZ_reion_30sim_mean,1503.9,1.3265
kSZ_reion_30sim_mean,1549.9,1.3151
kSZ_reion_30sim_mean,1588.9,1.3444
kSZ_reion_30sim_mean,1613.9,1.3633
kSZ_reion_30sim_mean,1636.9,1.2934
kSZ_reion_30sim_mean,1659.9,1.3471
kSZ_reion_30sim_mean,1738.9,1.3222
kSZ_reion_30sim_mean,1760.9,1.3188
kSZ_reion_30sim_mean,1771.9,1.3214
kSZ_reion_30sim_mean,1792.9,1.3386
kSZ_reion_30sim_mean,1815.9,1.3136
kSZ_reion_30sim_mean,1836.9,1.3212
kSZ_reion_30sim_mean,1858.9,1.2871
kSZ_reion_30sim_mean,1880.9,1.3128
kSZ_reion_30sim_mean,1903.9,1.2857
kSZ_reion_30sim_mean,1951.9,1.316
kSZ_reion_30sim_mean,2035.9,1.3006
kSZ_reion_30sim_mean,2062.9,1.2743
kSZ_reion_30sim_mean,2107.9,1.2765
kSZ_reion_30sim_mean,2127.8,1.2776
kSZ_reion_30sim_mean,2456.9,1.2281
kSZ_reion_30sim_mean,2480.8,1.2498
kSZ_reion_30sim_mean,2501.9,1.2432
kSZ_reion_30sim_mean,2525.9,1.2202
kSZ_reion_30sim_mean,2571.9,1.208
kSZ_reion_30sim_mean,2589.8,1.1986
kSZ_reion_30sim_mean,2631.8,1.2213
kSZ_reion_30sim_mean,2680.8,1.1995
kSZ_reion_30sim_mean,2702.8,1.1941
kSZ_reion_30sim_mean,2723.9,1.1965
kSZ_reion_30sim_mean,2751.8,1.1701
kSZ_reion_30sim_mean,2764.9,1.1608
kSZ_reion_30sim_mean,2788.8,1.1881
kSZ_reion_30sim_mean,2814.8,1.1781
kSZ_reion_30sim_mean,2833.8,1.1685
kSZ_reion_30sim_mean,2859.8,1.1725
kSZ_reion_30sim_mean,2913.8,1.1496
kSZ_reion_30sim_mean,2935.8,1.1327
kSZ_reion_30sim_mean,2944.9,1.132
kSZ_reion_30sim_mean,3011.8,1.1462
kSZ_reion_30sim_mean,3031.9,1.1239
kSZ_reion_30sim_mean,3055.8,1.1248
kSZ_reion_30sim_mean,3076.8,1.1182
kSZ_reion_30sim_mean,3101.8,1.1278
kSZ_reion_30sim_mean,3122.8,1.1185
kSZ_reion_30sim_mean,3143.9,1.1037
kSZ_reion_30sim_mean,3193.8,1.103
kSZ_reion_30sim_mean,3209.8,1.0984
kSZ_reion_30sim_mean,3233.8,1.1024
kSZ_reion_30sim_mean,3323.9,1.0722
kSZ_reion_30sim_mean,3377.8,1.0673
kSZ_reion_30sim_mean,3386.9,1.0684
kSZ_reion_30sim_mean,3411.8,1.0735
kSZ_reion_30sim_mean,3433.9,1.0625
kSZ_reion_30sim_mean,3450.8,1.053
kSZ_reion_30sim_mean,3471.8,1.0625
kSZ_reion_30sim_mean,3496.9,1.0386
kSZ_reion_30sim_mean,3537.8,1.0467
kSZ_reion_30sim_mean,3561.9,1.0301
kSZ_reion_30sim_mean,3582.8,1.0354
kSZ_reion_30sim_mean,3606.8,1.0093
kSZ_reion_30sim_mean,3640.8,1.0141
kSZ_reion_30sim_mean,3653.8,1.0082
kSZ_reion_30sim_mean,3674.8,0.99945
kSZ_reion_30sim_mean,3718.8,1.0057
kSZ_reion_30sim_mean,3741.8,0.99715
kSZ_reion_30sim_mean,3784.8,1.0007
kSZ_reion_30sim_mean,3836.8,0.98539
kSZ_reion_30sim_mean,3854.8,0.98385
kSZ_reion_30sim_mean,3878.8,0.97029
kSZ_reion_30sim_mean,3898.8,0.9607
kSZ_reion_30sim_mean,3927.8,0.96211
kSZ_reion_30sim_mean,3992.8,0.96922
kSZ_reion_30sim_mean,4026.8,0.95629
kSZ_reion_30sim_mean,4049.8,0.93636
kSZ_reion_30sim_mean,4100.8,0.9337
kSZ_reion_30sim_mean,4119.9,0.9272
kSZ_reion_30sim_mean,4145.8,0.93078
kSZ_reion_30sim_mean,4162.8,0.93078
kSZ_reion_30sim_mean,4187.8,0.9283
kSZ_reion_30sim_mean,4203.8,0.926
kSZ_reion_30sim_mean,4228.7,0.91273
kSZ_reion_30sim_mean,4272.8,0.90687
kSZ_reion_30sim_mean,4292.8,0.8956
kSZ_reion_30sim_mean,4335.8,0.90205
kSZ_reion_30sim_mean,4361.8,0.89907
kSZ_reion_30sim_mean,4381.8,0.89932
kSZ_reion_30sim_mean,4409.8,0.87977
kSZ_reion_30sim_mean,4424.7,0.87212
kSZ_reion_30sim_mean,4456.8,0.87469
kSZ_reion_30sim_mean,4472.7,0.87815
kSZ_reion_30sim_mean,4489.8,0.88066
kSZ_reion_30sim_mean,4518.8,0.86421
kSZ_reion_30sim_mean,4591.8,0.8552
kSZ_reion_30sim_mean,4624.8,0.85449
kSZ_reion_30sim_mean,4701.8,0.8363
kSZ_reion_30sim_mean,4729.8,0.83331
kSZ_reion_30sim_mean,4755.9,0.82265
kSZ_reion_30sim_mean,4780.8,0.83163
kSZ_reion_30sim_mean,4799.8,0.82477
kSZ_reion_30sim_mean,4821.7,0.80877
kSZ_reion_30sim_mean,4850.8,0.81534
kSZ_reion_30sim_mean,4928.8,0.80929
kSZ_reion_30sim_mean,4955.7,0.79659
kSZ_reion_30sim_mean,4977.8,0.79997
kSZ_reion_30sim_mean,5034.8,0.77357
kSZ_reion_30sim_mean,5042.8,0.7735
kSZ_reion_30sim_mean,5064.8,0.78136
kSZ_reion_30sim_mean,5089.7,0.77385
kSZ_reion_30sim_mean,5126.8,0.77677
kSZ_reion_30sim_mean,5148.7,0.75947
kSZ_reion_30sim_mean,5152.8,0.76262
kSZ_reion_30sim_mean,5170.8,0.77642
kSZ_reion_30sim_mean,5173.7,0.77378
kSZ_reion_30sim_mean,5198.8,0.75905
kSZ_reion_30sim_mean,5463.7,0.72895
kSZ_reion_30sim_mean,5497.7,0.72082
kSZ_reion_30sim_mean,5531.7,0.71311
kSZ_reion_30sim_mean,5735.7,0.69504
kSZ_reion_30sim_mean,5759.7,0.68666
kSZ_reion_30sim_mean,5791.7,0.6765
kSZ_reion_30sim_mean,5817.7,0.68395
kSZ_reion_30sim_mean,5843.6,0.67962
kSZ_reion_30sim_mean,5891.6,0.68012
kSZ_reion_30sim_mean,5936.7,0.66509
kSZ_reion_30sim_mean,5956.6,0.66107
kSZ_reion_30sim_mean,5971.6,0.66046
kSZ_reion_30sim_mean,5992.7,0.66552
kSZ_reion_30sim_mean,6019.8,0.65592
kSZ_reion_30sim_mean,6079.6,0.65315
kSZ_reion_30sim_mean,6109.6,0.64498
kSZ_reion_30sim_mean,6136.8,0.64866
kSZ_reion_30sim_mean,6152.6,0.64848
kSZ_reion_30sim_mean,6217.7,0.63375
kSZ_reion_30sim_mean,6239.7,0.63055
kSZ_reion_30sim_mean,6264.7,0.63107
kSZ_reion_30sim_mean,6337.5,0.62357
kSZ_reion_30sim_mean,6354.5,0.62203
kSZ_reion_30sim_mean,6442.6,0.61153
kSZ_reion_30sim_mean,6460.6,0.61413
kSZ_reion_30sim_mean,6534.7,0.60767
kSZ_reion_30sim_mean,6546.5,0.60672
kSZ_reion_30sim_mean,6574.7,0.59984
kSZ_reion_30sim_mean,6639.6,0.59473
kSZ_reion_30sim_mean,6666.7,0.5926
kSZ_reion_30sim_mean,6689.6,0.58999
kSZ_reion_30sim_mean,6735.6,0.57876
kSZ_reion_30sim_mean,6748.5,0.57791
kSZ_reion_30sim_mean,6813.5,0.58031
kSZ_reion_30sim_mean,6836.6,0.57759
kSZ_reion_30sim_mean,6860.6,0.57336
kSZ_reion_30sim_mean,6877.6,0.57717
kSZ_reion_30sim_mean,6894.7,0.58707
kSZ_reion_30sim_mean,6897.7,0.58427
kSZ_reion_30sim_mean,6916.6,0.56696
kSZ_reion_30sim_mean,6922.7,0.56874
kSZ_reion_30sim_mean,6938.7,0.5732
kSZ_reion_30sim_mean,6942.6,0.57073
kSZ_reion_30sim_mean,6960.7,0.5594
kSZ_reion_30sim_mean,6965.5,0.56198
kSZ_reion_30sim_mean,6982.7,0.57083
kSZ_reion_30sim_mean,6986.7,0.56832
kSZ_reion_30sim_mean,7004.6,0.55719
kSZ_reion_30sim_mean,7009.6,0.5594
kSZ_reion_30sim_mean,7033.7,0.56582
kSZ_reion_30sim_mean,7074.6,0.56069
kSZ_reion_30sim_mean,7147.7,0.55235
kSZ_reion_30sim_mean,7167.6,0.55382
kSZ_reion_30sim_mean,7206.6,0.55012
kSZ_reion_30sim_mean,7230.7,0.55007
kSZ_reion_30sim_mean,7247.5,0.54168
kSZ_reion_30sim_mean,7252.6,0.54423
kSZ_reion_30sim_mean,7270.6,0.55301
kSZ_reion_30sim_mean,7274.7,0.55113
kSZ_reion_30sim_mean,7299.6,0.54453
kSZ_reion_30sim_mean,7324.6,0.54634
kSZ_reion_30sim_mean,7379.6,0.54288
kSZ_reion_30sim_mean,7389.5,0.54029
kSZ_reion_30sim_mean,7426.6,0.53357
kSZ_reion_30sim_mean,7455.6,0.5324
kSZ_reion_30sim_mean,7480.7,0.53441
kSZ_reion_30sim_mean,7505.7,0.52962
kSZ_reion_30sim_mean,7520.6,0.52928
kSZ_reion_30sim_mean,7549.7,0.53176
kSZ_reion_30sim_mean,7573.6,0.52801
kSZ_reion_30sim_mean,7601.6,0.52535
kSZ_reion_30sim_mean,7630.7,0.52477
kSZ_reion_30sim_mean,7658.7,0.51968
kSZ_reion_30sim_mean,7677.6,0.52226
kSZ_reion_30sim_mean,7695.7,0.52342
kSZ_reion_30sim_mean,7725.6,0.51758
kSZ_reion_30sim_mean,7743.6,0.52016
kSZ_reion_30sim_mean,7762.6,0.52193
kSZ_reion_30sim_mean,7793.5,0.51739
kSZ_reion_30sim_mean,7845.5,0.51341
kSZ_reion_30sim_mean,7880.6,0.51242
kSZ_reion_30sim_mean,7915.7,0.51298
kSZ_reion_30sim_mean,7947.6,0.50796
kSZ_reion_30sim_mean,8031.8,0.50373
kSZ_reion_30sim_mean,8056.6,0.50294
kSZ_reion_30sim_mean,8103.6,0.50387
kSZ_reion_30sim_mean,8123.6,0.4987
kSZ_reion_30sim_mean,8131.7,0.4961
kSZ_reion_30sim_mean,8136.6,0.49838
kSZ_reion_30sim_mean,8154.6,0.50633
kSZ_reion_30sim_mean,8161.6,0.50479
kSZ_reion_30sim_mean,8213.5,0.49719
kSZ_reion_30sim_mean,8229.6,0.49628
kSZ_reion_30sim_mean,8250.6,0.49591
kSZ_reion_30sim_mean,8272.5,0.49719
kSZ_reion_30sim_mean,8310.5,0.49314
kSZ_reion_30sim_mean,8340.6,0.49532
kSZ_reion_30sim_mean,8426.6,0.48661
kSZ_reion_30sim_mean,8460.7,0.4907
kSZ_reion_30sim_mean,8489.6,0.48935
kSZ_reion_30sim_mean,8518.7,0.48442
kSZ_reion_30sim_mean,8602.6,0.48773
kSZ_reion_30sim_mean,8618.6,0.48193
kSZ_reion_30sim_mean,8624.6,0.48371
kSZ_reion_30sim_mean,8640.5,0.48809
kSZ_reion_30sim_mean,8647.6,0.48638
kSZ_reion_30sim_mean,8677.7,0.48273
kSZ_reion_30sim_mean,8723.4,0.48513
kSZ_reion_30sim_mean,8735.6,0.48442
kSZ_reion_30sim_mean,8763.6,0.48083
kSZ_reion_30sim_mean,8824.6,0.47959
kSZ_reion_30sim_mean,8847.7,0.48105
kSZ_reion_30sim_mean,8861.6,0.48398
kSZ_reion_30sim_mean,8865.6,0.4822
kSZ_reion_30sim_mean,8883.7,0.47468
kSZ_reion_30sim_mean,8889.5,0.47691
kSZ_reion_30sim_mean,8920.5,0.48335
kSZ_reion_30sim_mean,8944.4,0.48202
kSZ_reion_30sim_mean,8978.6,0.47564
kSZ_reion_30sim_mean,8993.5,0.4683
kSZ_reion_30sim_mean,8998.5,0.47107
kSZ_reion_30sim_mean,9015.7,0.48034
kSZ_reion_30sim_mean,9022.5,0.47836
kSZ_reion_30sim_mean,9050.5,0.47424
kSZ_reion_30sim_mean,9075.5,0.47739
kSZ_reion_30sim_mean,9091.6,0.47721
kSZ_reion_30sim_mean,9113.6,0.47717
kSZ_reion_30sim_mean,9132.6,0.47752
kSZ_reion_30sim_mean,9148.5,0.47306
kSZ_reion_30sim_mean,9154.6,0.47476
kSZ_reion_30sim_mean,9170.8,0.47919
kSZ_reion_30sim_mean,9177.5,0.47757
kSZ_reion_30sim_mean,9219.6,0.47137
kSZ_reion_30sim_mean,9243.5,0.47254
kSZ_reion_30sim_mean,9258.5,0.4686
kSZ_reion_30sim_mean,9265.6,0.47037
kSZ_reion_30sim_mean,9303.7,0.47625
kSZ_reion_30sim_mean,9339.6,0.47664
kSZ_reion_30sim_mean,9347.6,0.47721
kSZ_reion_30sim_mean,9351.4,0.47524
kSZ_reion_30sim_mean,9369.5,0.46654
kSZ_reion_30sim_mean,9377.5,0.46856
kSZ_reion_30sim_mean,9401.6,0.47098
kSZ_reion_30sim_mean,9434.7,0.47055
kSZ_reion_30sim_mean,9446.6,0.4742
kSZ_reion_30sim_mean,9457.6,0.47774
kSZ_reion_30sim_mean,9463.6,0.47546
kSZ_reion_30sim_mean,9495.6,0.46835
kSZ_reion_30sim_mean,9516.7,0.46985
kSZ_reion_30sim_mean,9568.5,0.47341
kSZ_reion_30sim_mean,9600.5,0.47029
kSZ_reion_30sim_mean,9619.5,0.47007
kSZ_reion_30sim_mean,9634.7,0.46658
kSZ_reion_30sim_mean,9640.5,0.46869
kSZ_reion_30sim_mean,9667.6,0.47359
kSZ_reion_30sim_mean,9737.5,0.47133
kSZ_reion_30sim_mean,9825.7,0.47085
kSZ_reion_30sim_mean,9852.6,0.46869
kSZ_reion_30sim_mean,9886.5,0.47059
kSZ_reion_30sim_mean,9908.6,0.47115
kSZ_reion_30sim_mean,9929.6,0.47024
kSZ_reion_30sim_mean,9965.5,0.47441
kSZ_reion_30sim_mean,10017.0,0.46955
kSZ_reion_30sim_mean,10050.0,0.47263
kSZ_late_Park18,96.117,0.66951
kSZ_late_Park18,10050.0,1.7775
