ell,x_HII,D_ell_uK2
500,0.0050,0.00351795
500,0.0148,0.00698434
500,0.0250,0.00727082
500,0.0351,0.00857429
500,0.0449,0.00989209
500,0.0548,0.0114104
500,0.0649,0.0125993
500,0.0751,0.0134301
500,0.0849,0.0141463
500,0.0951,0.0144328
500,0.1052,0.0144757
500,0.1150,0.0146333
500,0.1249,0.0148195
500,0.1350,0.0150057
500,0.1452,0.015149
500,0.1550,0.0152492
500,0.1648,0.0153495
500,0.1750,0.0154283
500,0.1851,0.0155214
500,0.1950,0.0155214
500,0.2051,0.0155214
500,0.2150,0.0155214
500,0.2251,0.0154354
500,0.2349,0.0153495
500,0.2448,0.0151919
500,0.2549,0.0149269
500,0.2651,0.0146476
500,0.2749,0.0143612
500,0.2850,0.0140174
500,0.2952,0.0135877
500,0.3050,0.0132296
500,0.3149,0.0129001
500,0.3250,0.0125563
500,0.3352,0.0121982
500,0.3450,0.0118258
500,0.3548,0.011482
500,0.3650,0.0108231
500,0.3751,0.0104794
500,0.3850,0.0100926
500,0.3948,0.0097775
500,0.4049,0.00939792
500,0.4151,0.00907563
500,0.4249,0.00873186
500,0.4351,0.00843105
500,0.4452,0.00817322
500,0.4544,0.00808728
500,0.4659,0.00790107
500,0.4760,0.00761459
500,0.4852,0.00737108
500,0.4950,0.00698434
500,0.5048,0.00669786
500,0.5150,0.00642571
500,0.5252,0.00615355
500,0.5350,0.00586707
500,0.5448,0.00560924
500,0.5546,0.00533709
500,0.5651,0.00506494
500,0.5743,0.00473549
500,0.5848,0.00457076
500,0.5949,0.00436306
500,0.6051,0.00436306
500,0.6149,0.00417685
500,0.6251,0.00398348
500,0.6352,0.00380443
500,0.6450,0.00366119
500,0.6549,0.0034893
500,0.6650,0.0033389
500,0.6752,0.00317418
500,0.6850,0.00303094
500,0.6948,0.0028877
500,0.7050,0.00274446
500,0.7151,0.00260122
500,0.7250,0.00247231
500,0.7348,0.00234339
500,0.7450,0.00220015
500,0.7551,0.00207124
500,0.7649,0.00195665
500,0.7748,0.00184206
500,0.7849,0.00168449
500,0.7951,0.00152693
500,0.8049,0.00144099
500,0.8151,0.00136937
500,0.8252,0.00131207
500,0.8350,0.00125477
500,0.8449,0.00119748
500,0.8550,0.00115451
500,0.8652,0.00115451
500,0.8750,0.00115451
500,0.8848,0.00115451
500,0.8950,0.00119748
500,0.9051,0.00128342
500,0.9150,0.00128342
500,0.9248,0.00128342
500,0.9349,0.00128342
500,0.9451,0.00128342
500,0.9546,0.00128342
500,0.9654,0.00132639
500,0.9752,0.000953972
500,0.9851,0.000552903
500,0.9949,0.000280749
1000,0.0050,0.00446333
1000,0.0148,0.00599599
1000,0.0250,0.00914725
1000,0.0351,0.0117399
1000,0.0449,0.0134731
1000,0.0548,0.0148482
1000,0.0649,0.0164954
1000,0.0751,0.0174265
1000,0.0849,0.018114
1000,0.0951,0.0185939
1000,0.1052,0.0189878
1000,0.1150,0.0193888
1000,0.1249,0.0194175
1000,0.1350,0.0194175
1000,0.1452,0.0194175
1000,0.1550,0.0194175
1000,0.1648,0.0192456
1000,0.1750,0.0190594
1000,0.1851,0.0189018
1000,0.1950,0.0187586
1000,0.2048,0.0186154
1000,0.2150,0.018379
1000,0.2251,0.0181427
1000,0.2349,0.0179135
1000,0.2448,0.0175984
1000,0.2549,0.0170397
1000,0.2651,0.0164954
1000,0.2749,0.0159654
1000,0.2850,0.0154784
1000,0.2952,0.0150344
1000,0.3050,0.0146763
1000,0.3149,0.0143468
1000,0.3250,0.0140174
1000,0.3352,0.0136306
1000,0.3450,0.0132439
1000,0.3548,0.0128571
1000,0.3650,0.0124417
1000,0.3751,0.0120264
1000,0.3850,0.0116539
1000,0.3948,0.0112529
1000,0.4049,0.0108375
1000,0.4151,0.0104507
1000,0.4249,0.0104507
1000,0.4351,0.0104507
1000,0.4452,0.0100497
1000,0.4551,0.00963426
1000,0.4649,0.00914725
1000,0.4750,0.00797985
1000,0.4852,0.00764324
1000,0.4950,0.0071992
1000,0.5048,0.00691272
1000,0.5150,0.00661908
1000,0.5252,0.00633976
1000,0.5350,0.00609626
1000,0.5448,0.00583843
1000,0.5550,0.00560208
1000,0.5651,0.0055233
1000,0.5749,0.0048071
1000,0.5848,0.00464954
1000,0.5966,0.00430577
1000,0.6048,0.00402645
1000,0.6149,0.00363254
1000,0.6251,0.0033389
1000,0.6352,0.00311688
1000,0.6450,0.002945
1000,0.6549,0.00277311
1000,0.6650,0.00260122
1000,0.6752,0.00221448
1000,0.6850,0.00209989
1000,0.6948,0.00194232
1000,0.7050,0.00181341
1000,0.7151,0.00179908
1000,0.7250,0.00165584
1000,0.7348,0.00154125
1000,0.7450,0.00139801
1000,0.7551,0.00125477
1000,0.7649,0.00112586
1000,0.7748,0.00101127
1000,0.7849,0.000882353
1000,0.7951,0.000796409
1000,0.8049,0.000710466
1000,0.8151,0.000481283
1000,0.8252,0.000481283
1000,0.8350,0.000481283
1000,0.8449,0.000423988
1000,0.8550,0.00039534
1000,0.8652,0.00039534
1000,0.8750,0.000381016
1000,0.8848,0.000366692
1000,0.8950,0.000366692
1000,0.9051,0.00032372
1000,0.9150,0.000151833
1000,0.9248,-0.000148969
1000,0.9349,-0.000220588
1000,0.9451,-0.000220588
1000,0.9549,-0.000220588
1000,0.9651,-0.000220588
1000,0.9752,-0.000220588
1000,0.9851,-0.000220588
1000,0.9949,-0.000220588
3000,0.0050,0.00301662
3000,0.0148,0.00394767
3000,0.0250,0.00651881
3000,0.0351,0.00797269
3000,0.0449,0.00867456
3000,0.0548,0.00929049
3000,0.0649,0.00981331
3000,0.0751,0.0103505
3000,0.0849,0.0108375
3000,0.0951,0.0112385
3000,0.1052,0.0115393
3000,0.1150,0.0115966
3000,0.1249,0.0115966
3000,0.1350,0.0115966
3000,0.1452,0.0115966
3000,0.1550,0.0115107
3000,0.1648,0.0114104
3000,0.1750,0.0112887
3000,0.1851,0.0111096
3000,0.1950,0.0108948
3000,0.2048,0.0106799
3000,0.2150,0.010465
3000,0.2251,0.0102359
3000,0.2349,0.010021
3000,0.2448,0.00979183
3000,0.2549,0.00955548
3000,0.2651,0.00933346
3000,0.2749,0.00908995
3000,0.2850,0.00883929
3000,0.2952,0.00857429
3000,0.3050,0.00833079
3000,0.3149,0.00813025
3000,0.3250,0.00792256
3000,0.3352,0.00768621
3000,0.3450,0.00742838
3000,0.3548,0.00718487
3000,0.3650,0.00691988
3000,0.3751,0.00666921
3000,0.3850,0.00641138
3000,0.3948,0.00615355
3000,0.4049,0.00590288
3000,0.4151,0.00560924
3000,0.4249,0.00536574
3000,0.4351,0.00520817
3000,0.4452,0.00500764
3000,0.4551,0.00479278
3000,0.4649,0.00460657
3000,0.4750,0.00442036
3000,0.4852,0.00423415
3000,0.4950,0.00403361
3000,0.5048,0.0038474
3000,0.5150,0.00363254
3000,0.5252,0.00341769
3000,0.5350,0.00321715
3000,0.5448,0.00300229
3000,0.5550,0.00280176
3000,0.5651,0.00262987
3000,0.5749,0.00245798
3000,0.5848,0.00231474
3000,0.5949,0.00216434
3000,0.6051,0.00199962
3000,0.6149,0.00185638
3000,0.6251,0.00185638
3000,0.6352,0.00185638
3000,0.6450,0.00174179
3000,0.6549,0.00165584
3000,0.6650,0.00158422
3000,0.6752,0.00138369
3000,0.6850,0.0012691
3000,0.6948,0.00118316
3000,0.7050,0.00110437
3000,0.7151,0.00101127
3000,0.7250,0.000925325
3000,0.7348,0.000839381
3000,0.7450,0.000753438
3000,0.7551,0.000667494
3000,0.7649,0.000667494
3000,0.7748,0.00065317
3000,0.7849,0.00065317
3000,0.7951,0.00065317
3000,0.8046,0.00065317
3000,0.8151,0.000681818
3000,0.8252,0.000681818
3000,0.8350,0.000696142
3000,0.8449,0.00072479
3000,0.8550,0.000739114
3000,0.8652,0.000767762
3000,0.8750,0.000782086
3000,0.8848,0.000896677
3000,0.8963,0.000939649
3000,0.9051,0.00102559
3000,0.9150,0.00105424
3000,0.9248,0.00106856
3000,0.9349,0.00109721
3000,0.9451,0.00114018
3000,0.9549,0.00114018
3000,0.9651,0.00114018
3000,0.9752,0.00114018
3000,0.9851,0.00114018
3000,0.9949,0.00114018
