z0,dz,x_hii,mean_l500,median_l500,sigma_mean_l500,p16_l500,p84_l500,n_modes_l500,mean_l1000,median_l1000,sigma_mean_l1000,p16_l1000,p84_l1000,n_modes_l1000,mean_l3000,median_l3000,sigma_mean_l3000,p16_l3000,p84_l3000,n_modes_l3000
6.500000000000000000e+00,1.000000000000000000e+00,7.244487209830809959e-01,-2.201877416706558670e-03,7.872359650679351326e-03,1.054945286890172397e-02,-1.797351232438817309e-02,2.031345310425848941e-02,9.074328277873375370e+00,1.248896584256129361e-03,1.879171476654746282e-03,2.433624323803828052e-03,-6.841415229814483412e-03,9.294374301317355827e-03,4.956784549709077936e+01,2.289813588469735478e-04,1.135479686142473136e-03,2.760028545856336567e-03,-4.408078929584396607e-03,6.964929729340763043e-03,4.139348454235600343e+02
7.000000000000000000e+00,1.000000000000000000e+00,5.813338593773733631e-01,-3.136922970307394649e-03,-3.885975024908471399e-03,8.112511566052825474e-03,-1.528942825849027333e-02,1.800838757772447313e-02,9.074328277873375370e+00,7.778724483818766182e-03,7.306232819785785440e-03,3.860176266262951243e-03,7.970326419533839326e-04,1.943743232192904694e-02,3.242303412662671747e+01,8.696151344358497284e-04,2.393612660621920706e-03,1.962300153897099646e-03,-3.423312916584896927e-03,5.195608483400540947e-03,4.139348454235600343e+02
7.500000000000000000e+00,1.000000000000000000e+00,4.450276589637014446e-01,-2.204308111787724785e-03,1.335189718942743527e-03,7.053105881337875561e-03,-2.155522841519106475e-02,1.038415790925185760e-02,9.074328277873375370e+00,1.097588060344258966e-02,9.291286573120245001e-03,3.839343994933002140e-03,-6.853066695505175693e-04,2.543937532609187938e-02,3.242303412662671747e+01,3.121035354983898048e-03,2.389482738477975883e-03,2.782128927040432298e-03,-5.565832758271772353e-03,1.221034500270988359e-02,2.707606813404009927e+02
8.000000000000000000e+00,1.000000000000000000e+00,3.343307679605990179e-01,1.848898927183133950e-03,4.335611106238450828e-03,9.763666195671200435e-03,-2.322347141084268873e-02,2.487584608667496242e-02,9.074328277873375370e+00,7.949306606557970251e-03,7.942716960856773326e-03,3.776723013723578323e-03,-2.815737336878204600e-03,1.388442465608990053e-02,3.242303412662671747e+01,1.051166736461098131e-03,2.999154306937610714e-03,2.559572391582825603e-03,-9.074345515331531942e-03,7.977329712267711842e-03,2.707606813404009927e+02
8.500000000000000000e+00,1.000000000000000000e+00,2.524920534501496339e-01,1.773551522932998240e-02,8.180233725890492108e-03,1.167503272584770671e-02,-1.105687459932900088e-02,4.168037385909970777e-02,9.074328277873375370e+00,8.162167463492556521e-03,8.811925201464464869e-03,2.014797727200559781e-03,2.132248428394636387e-03,1.430874192116207005e-02,3.242303412662671747e+01,-1.843021520577489778e-03,-1.181928098069877147e-03,2.048768064247767987e-03,-8.292124121070609810e-03,4.486018405628407202e-03,2.707606813404009927e+02
9.000000000000000000e+00,1.000000000000000000e+00,1.905036074225661680e-01,1.872391551207127497e-02,6.973708555370225839e-03,1.267360213995896018e-02,-1.054351894851304587e-02,6.035850716745452815e-02,9.074328277873375370e+00,1.046351992239469633e-02,8.444372370508785447e-03,5.399586388693334085e-03,-1.824943936010918607e-03,2.165767035895221904e-02,3.242303412662671747e+01,2.394854925262308257e-03,4.011455183432018415e-03,2.636305199402705964e-03,-2.393837456311354375e-03,9.658258402127391576e-03,2.707606813404009927e+02
9.500000000000000000e+00,1.000000000000000000e+00,1.469466751714593733e-01,1.539199625696996421e-02,-1.058536710631548423e-02,1.682552336435303580e-02,-2.432995427069265318e-02,7.225027690194629759e-02,9.074328277873375370e+00,5.622974927917814836e-03,1.995403901002840239e-03,6.864508380116362066e-03,-6.890692936458673971e-03,2.777316911960158591e-02,3.242303412662671747e+01,2.852830130152476246e-03,2.889688739983569277e-03,3.767431728635398450e-03,-1.017865799039455871e-02,1.251184840981799454e-02,2.707606813404009927e+02
1.000000000000000000e+01,1.000000000000000000e+00,1.105091940211889029e-01,1.354408632665523356e-03,-7.819695660955441191e-03,1.120579525438850262e-02,-2.035482342438291181e-02,1.602743218730563052e-02,9.074328277873375370e+00,-1.367074871306971692e-03,-1.176920138424150317e-03,6.693310777632847063e-03,-2.155570570920891521e-02,1.043395321009352693e-02,3.242303412662671747e+01,1.504773457870376861e-03,7.180557860818489145e-05,3.698428640164442855e-03,-3.892891955200499313e-03,1.054155001887806600e-02,2.707606813404009927e+02
1.050000000000000000e+01,1.000000000000000000e+00,8.447864787657798080e-02,-7.005693038437572906e-03,-1.859817605385160125e-03,1.035721706968833165e-02,-1.038008403298546108e-02,1.037936040142180619e-02,9.074328277873375370e+00,2.008788699892605743e-03,6.186283026136277924e-03,5.895066543365629422e-03,-1.959860376611334554e-02,1.939662853272789214e-02,3.242303412662671747e+01,3.267953415662821961e-03,7.963891330096752735e-03,5.800575849250373672e-03,-1.474737455144710385e-02,1.807522845825155003e-02,2.707606813404009927e+02
1.100000000000000000e+01,1.000000000000000000e+00,6.281345612555624958e-02,-5.033494075651713529e-03,-1.184898586691619099e-03,7.559283931151186513e-03,-2.066824920696899021e-02,9.086422079407501656e-03,9.074328277873375370e+00,-1.369834671453497733e-03,-1.625293261914464993e-02,8.061576279086806601e-03,-2.138233935572391581e-02,2.745525134635214831e-02,3.242303412662671747e+01,7.191433102752271649e-04,-6.952994122715106841e-04,6.679504698255235053e-03,-1.739139201491030420e-02,1.679883299555879825e-02,2.707606813404009927e+02
1.150000000000000000e+01,1.000000000000000000e+00,4.593703228395545207e-02,-2.602833060178214551e-03,-7.178420966876925338e-03,7.136946765076638242e-03,-1.915376434822163229e-02,1.892083978853398990e-02,9.074328277873375370e+00,3.961628700801504525e-03,8.290370013976141456e-03,7.326076820705039461e-03,-1.971149150056981242e-02,1.953138550867425383e-02,3.242303412662671747e+01,6.133017073275358593e-04,3.358939543654652134e-04,4.410366296020300919e-03,-1.421800345751359808e-02,1.705270894461929920e-02,2.707606813404009927e+02
1.200000000000000000e+01,1.000000000000000000e+00,3.396619214753936883e-02,-1.115649628487245994e-03,-9.108939426173794096e-04,4.300599767362254904e-03,-1.265614633447597129e-02,8.121342146355388023e-03,9.074328277873375370e+00,1.046709602958742838e-02,7.348298118750055431e-03,5.820622407312880595e-03,-5.552917910509915823e-03,2.484677410475310405e-02,3.242303412662671747e+01,-1.741619119350041375e-03,-5.983650830127001290e-06,7.553690461413923619e-03,-2.620420951752897715e-02,2.288779814499623463e-02,2.707606813404009927e+02
1.250000000000000000e+01,1.000000000000000000e+00,2.463448039105350929e-02,3.902956062707582576e-03,4.817834968714401235e-03,7.446724404860909606e-03,-1.547723745444161240e-02,1.990053903464727991e-02,5.935647444006241003e+00,8.326710242535510093e-03,8.533522174874906205e-03,5.690762016573153691e-03,-6.050739751794748274e-03,2.628747467022286843e-02,3.242303412662671747e+01,-8.655588504104682127e-03,-9.663738314812791996e-03,5.739955867678007279e-03,-2.703733019212173350e-02,8.930400196068178850e-03,2.707606813404009927e+02
1.300000000000000000e+01,1.000000000000000000e+00,1.734554173805712834e-02,3.611853359120573061e-03,3.615554381964801792e-03,6.575348224323598716e-03,-1.010647066749126473e-02,2.140769128302727475e-02,5.935647444006241003e+00,1.204782113178737811e-02,1.190851796046511757e-02,4.129420837980233780e-03,1.237321714707904398e-03,2.537862626544860542e-02,3.242303412662671747e+01,-1.392491157104755982e-02,-1.598502618333651551e-02,5.483606798727545285e-03,-2.975861040871641619e-02,4.258747869171305468e-03,2.707606813404009927e+02
